plex_guid,library,plex_title,plex_year,omdb_title,omdb_year,action,suggestions_json
plex://movie/5d77683861141d001fb15f0a,Animación 2D,101 dálmatas,1961,One Hundred and One Dalmatians,1961,Fix title,"{""new_title"": ""One Hundred and One Dalmatians""}"
plex://movie/5d776827eb5d26001f1ddab7,Animación 2D,Aladdín,1992,Aladdin,1992,Fix title,"{""new_title"": ""Aladdin""}"
plex://movie/5d7768376f4521001ea9c9ad,Animación 2D,Alicia en el País de las Maravillas,1951,Alice in Wonderland,1951,Fix title,"{""new_title"": ""Alice in Wonderland""}"
plex://movie/5d7768354de0ee001fccb936,Animación 2D,Atlantis: El imperio perdido,2001,Atlantis: The Lost Empire,2001,Fix title,"{""new_title"": ""Atlantis: The Lost Empire""}"
plex://movie/5d776833151a60001f24d67a,Animación 2D,"Basil, el ratón superdetective",1986,The Great Mouse Detective,1986,Fix title,"{""new_title"": ""The Great Mouse Detective""}"
plex://movie/5d776826eb5d26001f1dd404,Animación 2D,Blancanieves y los siete enanitos,1937,Snow White and the Seven Dwarfs,1937,Fix title,"{""new_title"": ""Snow White and the Seven Dwarfs""}"
plex://movie/5d9f354fb0262f001f6ea817,Animación 2D,El dragón chiflado,1941,The Reluctant Dragon,1941,Fix title,"{""new_title"": ""The Reluctant Dragon""}"
plex://movie/5d7768352e80df001ebde4c7,Animación 2D,El gigante de hierro,1999,The Iron Giant,1999,Fix title,"{""new_title"": ""The Iron Giant""}"
plex://movie/5d776d0f7a53e9001e74fc8a,Animación 2D,El jorobado de Notre Dame,1996,The Hunchback of Notre Dame,1996,Fix title,"{""new_title"": ""The Hunchback of Notre Dame""}"
plex://movie/5d7768324de0ee001fccad68,Animación 2D,El planeta del tesoro,2002,Treasure Planet,2002,Fix title,"{""new_title"": ""Treasure Planet""}"
plex://movie/5d776833961905001eb938ae,Animación 2D,El príncipe de Egipto,1998,The Prince of Egypt,1998,Fix title,"{""new_title"": ""The Prince of Egypt""}"
plex://movie/5d776832a091de001f2e780f,Animación 2D,El rey león,1994,The Lion King,1994,Fix title,"{""new_title"": ""The Lion King""}"
plex://movie/5d7768537228e5001f1e2362,Animación 2D,El secreto del libro de Kells,2009,The Secret of Kells,2009,Fix title,"{""new_title"": ""The Secret of Kells""}"
plex://movie/5d776838103a2d001f56891c,Animación 2D,En busca del valle encantado,1988,The Land Before Time,1988,Fix title,"{""new_title"": ""The Land Before Time""}"
plex://movie/5d9f35026fc551001ef80212,Animación 2D,La Estrella de Laura,2004,Lauras Stern,2004,Fix title,"{""new_title"": ""Lauras Stern""}"
plex://movie/5d7768282e80df001ebdceb8,Animación 2D,Fantasía,1940,Fantasia,1940,Fix title,"{""new_title"": ""Fantasia""}"
plex://movie/5d776d19f617c900201863e2,Animación 2D,Hércules,1997,Hercules,1997,Fix title,"{""new_title"": ""Hercules""}"
plex://movie/5d7768348718ba001e3142cb,Animación 2D,Hermano oso,2003,Brother Bear,2003,Fix title,"{""new_title"": ""Brother Bear""}"
plex://movie/5d776833961905001eb938b1,Animación 2D,Jorge el curioso,2006,Curious George,2006,Fix title,"{""new_title"": ""Curious George""}"
plex://movie/5d776b9cf617c9002017819a,Animación 2D,Jorge el curioso 3: Vuelta a la jungla,2015,Curious George 3: Back to the Jungle,2015,Fix title,"{""new_title"": ""Curious George 3: Back to the Jungle""}"
plex://movie/5d776ac223d5a3001f5089f3,Animación 2D,Jorge el Curioso: Unas navidades muy monas,2009,Curious George: A Very Monkey Christmas,2009,Fix title,"{""new_title"": ""Curious George: A Very Monkey Christmas""}"
plex://movie/5d77683561141d001fb158df,Animación 2D,La bella durmiente,1959,Sleeping Beauty,1959,Fix title,"{""new_title"": ""Sleeping Beauty""}"
plex://movie/5d776d19fb0d55001f597b0b,Animación 2D,La bella y la bestia,1991,Beauty and the Beast,1991,Fix title,"{""new_title"": ""Beauty and the Beast""}"
plex://movie/5d77692f96b655001fdcbe4c,Animación 2D,La canción del mar,2014,Song of the Sea,2014,Fix title,"{""new_title"": ""Song of the Sea""}"
plex://movie/5d776d19ad5437001f7cd3f8,Animación 2D,La Cenicienta,1950,Cinderella,1950,Fix title,"{""new_title"": ""Cinderella""}"
plex://movie/5d77683585719b001f3a3948,Animación 2D,La dama y el vagabundo,1955,Lady and the Tramp,1955,Fix title,"{""new_title"": ""Lady and the Tramp""}"
plex://movie/5d9f352b6fc551001ef80dfc,Animación 2D,La espada mágica,1998,Quest for Camelot,1998,Fix title,"{""new_title"": ""Quest for Camelot""}"
plex://movie/5d77683c7228e5001f1dfbc6,Animación 2D,La gran aventura de Winnie the Pooh,1997,Pooh's Grand Adventure: The Search for Christopher Robin,1997,Fix title,"{""new_title"": ""Pooh's Grand Adventure: The Search for Christopher Robin""}"
plex://movie/5d77683d961905001eb959d2,Animación 2D,La película de Tigger,2000,The Tigger Movie,2000,Fix title,"{""new_title"": ""The Tigger Movie""}"
plex://movie/5d77683aeb5d26001f1e1e09,Animación 2D,El origen de la sirenita,2008,The Little Mermaid: Ariel's Beginning,2008,Fix title,"{""new_title"": ""The Little Mermaid: Ariel's Beginning""}"
plex://movie/5d776834151a60001f24d71f,Animación 2D,La sirenita,1989,The Little Mermaid,1989,Fix title,"{""new_title"": ""The Little Mermaid""}"
plex://movie/5d9f35449dd5f4001e8440ba,Animación 2D,Leroy y Stitch,2006,Leroy & Stitch,2006,Fix title,"{""new_title"": ""Leroy & Stitch""}"
plex://movie/5d77683aeb5d26001f1e1cfc,Animación 2D,La leyenda de Sleepy Hollow y el Señor Sapo,1949,The Adventures of Ichabod and Mr. Toad,1949,Fix title,"{""new_title"": ""The Adventures of Ichabod and Mr. Toad""}"
plex://movie/5d77683285719b001f3a31e7,Animación 2D,El libro de la selva,1967,The Jungle Book,1967,Fix title,"{""new_title"": ""The Jungle Book""}"
plex://movie/5d776837103a2d001f5682b7,Animación 2D,Lilo y Stitch,2002,Lilo & Stitch,2002,Fix title,"{""new_title"": ""Lilo & Stitch""}"
plex://movie/5d776836eb5d26001f1e0f2c,Animación 2D,Los rescatadores,1977,The Rescuers,1977,Fix title,"{""new_title"": ""The Rescuers""}"
plex://movie/5d776836eb5d26001f1e0e25,Animación 2D,Los rescatadores en Cangurolandia,1990,The Rescuers Down Under,1990,Fix title,"{""new_title"": ""The Rescuers Down Under""}"
plex://movie/5d776832999c64001ec2eb82,Animación 2D,Merlín el encantador,1963,The Sword in the Stone,1963,Fix title,"{""new_title"": ""The Sword in the Stone""}"
plex://movie/5d776835a091de001f2e7ffc,Animación 2D,Mulán,1998,Mulan,1998,Fix title,"{""new_title"": ""Mulan""}"
plex://movie/5d9f3500d5fd3f001ee15002,Animación 2D,"Nimh, el mundo secreto de la Sra. Brisby",1982,The Secret of NIMH,1982,Fix title,"{""new_title"": ""The Secret of NIMH""}"
plex://movie/5d77683861141d001fb15f08,Animación 2D,Oliver y su pandilla,1988,Oliver & Company,1988,Fix title,"{""new_title"": ""Oliver & Company""}"
plex://movie/5d776835103a2d001f567da1,Animación 2D,Patoaventuras: La película - El tesoro de la lámpara perdida,1990,DuckTales the Movie: Treasure of the Lost Lamp,1990,Fix title,"{""new_title"": ""DuckTales the Movie: Treasure of the Lost Lamp""}"
plex://movie/5d776d10ad5437001f7cc066,Animación 2D,Pinocho,1940,Pinocchio,1940,Fix title,"{""new_title"": ""Pinocchio""}"
plex://movie/5d77683b4de0ee001fcccc63,Animación 2D,Simbad: La leyenda de los siete mares,2003,Sinbad: Legend of the Seven Seas,2003,Fix title,"{""new_title"": ""Sinbad: Legend of the Seven Seas""}"
plex://movie/5d7768327e9a3c0020c6c2ed,Animación 2D,Spirit: El corcel indomable,2002,Spirit: Stallion of the Cimarron,2002,Fix title,"{""new_title"": ""Spirit: Stallion of the Cimarron""}"
plex://movie/5d776836880197001ec936b4,Animación 2D,Taron y el caldero mágico,1985,The Black Cauldron,1985,Fix title,"{""new_title"": ""The Black Cauldron""}"
plex://movie/5d77686a0ab244002006d527,Animación 2D,Tarzán,1999,Tarzan,1999,Fix title,"{""new_title"": ""Tarzan""}"
plex://movie/5d776834880197001ec93158,Animación 2D,Tiana y el sapo,2009,The Princess and the Frog,2009,Fix title,"{""new_title"": ""The Princess and the Frog""}"
plex://movie/5d776836880197001ec936f2,Animación 2D,Tod y Toby,1981,The Fox and the Hound,1981,Fix title,"{""new_title"": ""The Fox and the Hound""}"
plex://movie/5d77683354f42c001f8c4219,Animación 2D,Tod y Toby 2,2006,The Fox and the Hound 2,2006,Fix title,"{""new_title"": ""The Fox and the Hound 2""}"
plex://movie/5d7769c6f617c900201648c0,Animación 3D,Angry Birds: La película,2016,The Angry Birds Movie,2016,Fix title,"{""new_title"": ""The Angry Birds Movie""}"
plex://movie/5d7768336f4521001ea9bcad,Animación 3D,"Ant Bully, bienvenido al hormiguero",2006,The Ant Bully,2006,Fix title,"{""new_title"": ""The Ant Bully""}"
plex://movie/5d7768328718ba001e313e4b,Animación 3D,Antz (Hormigaz),1998,Antz,1998,Fix title,"{""new_title"": ""Antz""}"
plex://movie/5d77688d7e5fa10020bf1bdc,Animación 3D,Arthur Christmas: Operación regalo,2011,Arthur Christmas,2011,Fix title,"{""new_title"": ""Arthur Christmas""}"
plex://movie/5d776ba97a53e9001e72c685,Animación 3D,Ballerina,2016,The Ballerina,2016,Fix title,"{""new_title"": ""The Ballerina""}"
plex://movie/5d77683385719b001f3a3310,Animación 3D,"Bichos, una aventura en miniatura",1998,A Bug's Life,1998,Fix title,"{""new_title"": ""A Bug's Life""}"
plex://movie/5d776824961905001eb908dd,Animación 3D,Buscando a Nemo,2003,Finding Nemo,2003,Fix title,"{""new_title"": ""Finding Nemo""}"
plex://movie/5d77698aad5437001f75fe33,Animación 3D,Buscando a Dory,2016,Finding Dory,2016,Fix title,"{""new_title"": ""Finding Dory""}"
plex://movie/5d776cfb7a53e9001e74dd20,Animación 3D,Campanilla,2008,Tinker Bell,2008,Fix title,"{""new_title"": ""Tinker Bell""}"
plex://movie/5d77684f7e9a3c0020c707eb,Animación 3D,Campanilla y el tesoro perdido,2009,Tinker Bell and the Lost Treasure,2009,Fix title,"{""new_title"": ""Tinker Bell and the Lost Treasure""}"
plex://movie/5d77687e7e5fa10020bf0977,Animación 3D,Campanilla y el gran rescate,2010,Tinker Bell and the Great Fairy Rescue,2010,Fix title,"{""new_title"": ""Tinker Bell and the Great Fairy Rescue""}"
plex://movie/5d7768b9d95456001fd25801,Animación 3D,Campanilla: El secreto de las hadas,2012,Secret of the Wings,2012,Fix title,"{""new_title"": ""Secret of the Wings""}"
plex://movie/5d776b30fb0d55001f55f3d2,Animación 3D,Campanilla y la leyenda de la bestia,2014,Tinker Bell and the Legend of the NeverBeast,2014,Fix title,"{""new_title"": ""Tinker Bell and the Legend of the NeverBeast""}"
plex://movie/5d7769f29ab54400214f8fd9,Animación 3D,Campanilla: Hadas y piratas,2014,The Pirate Fairy,2014,Fix title,"{""new_title"": ""The Pirate Fairy""}"
plex://movie/5d776b94fb0d55001f56c0ba,Animación 3D,¡Canta!,2016,Sing,2016,Fix title,"{""new_title"": ""Sing""}"
plex://movie/5d776cac594b2b001e6fa3c8,Animación 3D,¡Canta! 2,2021,Sing 2,2021,Fix title,"{""new_title"": ""Sing 2""}"
plex://movie/5d776a62f617c9002016c73b,Animación 3D,Carlitos y Snoopy: La película de Peanuts,2015,The Peanuts Movie,2015,Fix title,"{""new_title"": ""The Peanuts Movie""}"
plex://movie/5d776831999c64001ec2e7c8,Animación 3D,Chicken Run: Evasión en la granja,2000,Chicken Run,2000,Fix title,"{""new_title"": ""Chicken Run""}"
plex://movie/5d77704631d95e001f19d89d,Animación 3D,Chicken Run: Amanecer de los nuggets,2023,Chicken Run: Dawn of the Nugget,2023,Fix title,"{""new_title"": ""Chicken Run: Dawn of the Nugget""}"
plex://movie/5d776b8b96b655001fe146be,Animación 3D,Cigüeñas,2016,Storks,2016,Fix title,"{""new_title"": ""Storks""}"
plex://movie/5d7768315af944001f1f8f20,Animación 3D,Colegas en el bosque,2006,Open Season,2006,Fix title,"{""new_title"": ""Open Season""}"
plex://movie/5d77683454f42c001f8c4338,Animación 3D,Cómo entrenar a tu dragón,2010,How to Train Your Dragon,2010,Fix title,"{""new_title"": ""How to Train Your Dragon""}"
plex://movie/5d7768c923d5a3001f4f15a3,Animación 3D,Cómo entrenar a tu dragón 2,2014,How to Train Your Dragon 2,2014,Fix title,"{""new_title"": ""How to Train Your Dragon 2""}"
plex://movie/5d776841999c64001ec31a3c,Animación 3D,Cuento de Navidad,2009,A Christmas Carol,2009,Fix title,"{""new_title"": ""A Christmas Carol""}"
plex://movie/5d7769c0594b2b001e6a8a17,Animación 3D,Del revés (Inside Out),2015,Inside Out,2015,Fix title,"{""new_title"": ""Inside Out""}"
plex://movie/631bfefb0667a4eded0d5b66,Animación 3D,Del revés 2 (Inside Out 2),2024,Inside Out 2,2024,Fix title,"{""new_title"": ""Inside Out 2""}"
plex://movie/5d776829103a2d001f564b52,Animación 3D,Descubriendo a los Robinsons,2007,Meet the Robinsons,2007,Fix title,"{""new_title"": ""Meet the Robinsons""}"
plex://movie/5d7768357228e5001f1de712,Animación 3D,Dinosaurio,2000,Dinosaur,2000,Fix title,"{""new_title"": ""Dinosaur""}"
plex://movie/5d7768bc3ab0e7001f509313,Animación 3D,El alucinante mundo de Norman,2012,ParaNorman,2012,Fix title,"{""new_title"": ""ParaNorman""}"
plex://movie/5d776b2b23d5a3001f50d742,Animación 3D,El bebé jefazo,2017,The Boss Baby,2017,Fix title,"{""new_title"": ""The Boss Baby""}"
plex://movie/64fd2b5220fe71907f16d043,Animación 3D,El diario de Greg en Navidad: Atrapados en la nieve,2023,Diary of a Wimpy Kid Christmas: Cabin Fever,2023,Fix title,"{""new_title"": ""Diary of a Wimpy Kid Christmas: Cabin Fever""}"
plex://movie/5d776c76ad5437001f7bed2a,Animación 3D,El gato con botas,2011,Puss in Boots,2011,Fix title,"{""new_title"": ""Puss in Boots""}"
plex://movie/5d7768c5fb0d55001f519286,Animación 3D,El origen de los guardianes,2012,Rise of the Guardians,2012,Fix title,"{""new_title"": ""Rise of the Guardians""}"
plex://movie/5d776b5351dd69001fe2edfa,Animación 3D,El principito,2015,"Le petit prince, l'ange et le panda",2015,Fix title,"{""new_title"": ""Le petit prince, l'ange et le panda""}"
plex://movie/5d9f34fab0262f001f6e9156,Animación 3D,El valiente Despereaux,2008,The Tale of Despereaux,2008,Fix title,"{""new_title"": ""The Tale of Despereaux""}"
plex://movie/5d776919594b2b001e69cf71,Animación 3D,El viaje de Arlo,2015,The Good Dinosaur,2015,Fix title,"{""new_title"": ""The Good Dinosaur""}"
plex://movie/5d77686eeb5d26001f1eb339,Animación 3D,Enredados,2010,Tangled,2010,Fix title,"{""new_title"": ""Tangled""}"
plex://movie/5d77696996b655001fdce2f7,Animación 3D,Epic: El mundo secreto,2013,Epic,2013,Fix title,"{""new_title"": ""Epic""}"
plex://movie/5d776926ad5437001f7595eb,Animación 3D,Frozen: El reino del hielo,2013,Frozen,2013,Fix title,"{""new_title"": ""Frozen""}"
plex://movie/5d7768751999bc0020dc55d5,Animación 3D,Ga'Hoole: La leyenda de los guardianes,2010,Legend of the Guardians: The Owls of Ga'Hoole,2010,Fix title,"{""new_title"": ""Legend of the Guardians: The Owls of Ga'Hoole""}"
plex://movie/5d776881d11dd30020226f24,Animación 3D,Gnomeo y Julieta,2011,Gnomeo & Juliet,2011,Fix title,"{""new_title"": ""Gnomeo & Juliet""}"
plex://movie/5d776cab47dd6e001f6edfa2,Animación 3D,Minions: El origen de Gru,2022,Minions: The Rise of Gru,2022,Fix title,"{""new_title"": ""Minions: The Rise of Gru""}"
plex://movie/5d776a417a53e9001e6ff57a,Animación 3D,Los Minions,2015,Minions,2015,Fix title,"{""new_title"": ""Minions""}"
plex://movie/5d7768462e80df001ebe06a5,Animación 3D,Gru. Mi villano favorito,2010,Despicable Me,2010,Fix title,"{""new_title"": ""Despicable Me""}"
plex://movie/5d7768f3fb0d55001f51dd4a,Animación 3D,Gru 2. Mi villano favorito,2013,Despicable Me 2,2013,Fix title,"{""new_title"": ""Despicable Me 2""}"
plex://movie/5d776b74594b2b001e6da7ac,Animación 3D,Gru 3. Mi villano favorito,2017,Despicable Me 3,2017,Fix title,"{""new_title"": ""Despicable Me 3""}"
plex://movie/5d777043fb0d55001f5ec327,Animación 3D,Gru 4. Mi villano favorito,2024,Despicable Me 4,2024,Fix title,"{""new_title"": ""Despicable Me 4""}"
plex://movie/5d776833961905001eb938ac,Animación 3D,Happy Feet: Rompiendo el hielo,2006,Happy Feet,2006,Fix title,"{""new_title"": ""Happy Feet""}"
plex://movie/5d7768a81999bc0020dccc39,Animación 3D,Happy Feet 2,2011,Happy Feet Two,2011,Fix title,"{""new_title"": ""Happy Feet Two""}"
plex://movie/5d776a62594b2b001e6bb663,Animación 3D,Home: Hogar dulce hogar,2015,Home,2015,Fix title,"{""new_title"": ""Home""}"
plex://movie/5d776838961905001eb94a81,Animación 3D,Horton,2008,Horton Hears a Who!,2008,Fix title,"{""new_title"": ""Horton Hears a Who!""}"
plex://movie/5d7768bb23d5a3001f4f0944,Animación 3D,Hotel Transilvania,2012,Hotel Transylvania,2012,Fix title,"{""new_title"": ""Hotel Transylvania""}"
plex://movie/5d7769d47a53e9001e6f1b8e,Animación 3D,Hotel Transilvania 2,2015,Hotel Transylvania 2,2015,Fix title,"{""new_title"": ""Hotel Transylvania 2""}"
plex://movie/5d776826eb5d26001f1dd403,Animación 3D,Ice Age 1 : La edad de hielo,2002,Ice Age,2002,Fix title,"{""new_title"": ""Ice Age""}"
plex://movie/5d77682854f42c001f8c2c49,Animación 3D,Ice Age 2: El deshielo,2006,Ice Age: The Meltdown,2006,Fix title,"{""new_title"": ""Ice Age: The Meltdown""}"
plex://movie/5d776831f59e5800218983ce,Animación 3D,Ice Age 3: El origen de los dinosaurios,2009,Ice Age: Dawn of the Dinosaurs,2009,Fix title,"{""new_title"": ""Ice Age: Dawn of the Dinosaurs""}"
plex://movie/5d77689b1999bc0020dcae2c,Animación 3D,Ice Age 4: La formación de los continentes,2012,Ice Age: Continental Drift,2012,Fix title,"{""new_title"": ""Ice Age: Continental Drift""}"
plex://movie/5d776af3fb0d55001f556a53,Animación 3D,Ice Age 5 : El gran cataclismo,2016,Ice Age: Collision Course,2016,Fix title,"{""new_title"": ""Ice Age: Collision Course""}"
plex://movie/5d7768a247dd6e001f6bca0e,Animación 3D,Indomable,2012,Brave,2012,Fix title,"{""new_title"": ""Brave""}"
plex://movie/5d776b59ad5437001f79c6f8,Animación 3D,Kubo y las dos cuerdas mágicas,2016,Kubo and the Two Strings,2016,Fix title,"{""new_title"": ""Kubo and the Two Strings""}"
plex://movie/5d776a337a53e9001e6fd5a5,Animación 3D,La mecánica del corazón,2013,Dionysos: Jack et la Mécanique du coeur,2013,Fix title,"{""new_title"": ""Dionysos: Jack et la Mécanique du coeur""}"
plex://movie/5d77682d61141d001fb14570,Animación 3D,La novia cadáver,2005,Corpse Bride,2005,Fix title,"{""new_title"": ""Corpse Bride""}"
plex://movie/5d776abffb0d55001f54faa2,Animación 3D,La oveja Shaun: La película,2015,Shaun the Sheep Movie,2015,Fix title,"{""new_title"": ""Shaun the Sheep Movie""}"
plex://movie/5d776d68ad5437001f7d5242,Animación 3D,"La oveja Shaun, la película Granjaguedón",2019,A Shaun the Sheep Movie: Farmageddon,2019,Fix title,"{""new_title"": ""A Shaun the Sheep Movie: Farmageddon""}"
plex://movie/5d7768c9594b2b001e69573f,Animación 3D,Las aventuras de Peabody y Sherman,2014,Mr. Peabody & Sherman,2014,Fix title,"{""new_title"": ""Mr. Peabody & Sherman""}"
plex://movie/604b2748c03f34002dd97a16,Animación 3D,Las guerreras k-pop,2025,KPop Demon Hunters,2025,Fix title,"{""new_title"": ""KPop Demon Hunters""}"
plex://movie/5d776a637a53e9001e703cc2,Animación 3D,El libro de la vida,2014,The Book of Life,2014,Fix title,"{""new_title"": ""The Book of Life""}"
plex://movie/5d77684a0ea56a001e2a2a01,Animación 3D,Lluvia de albóndigas,2009,Cloudy with a Chance of Meatballs,2009,Fix title,"{""new_title"": ""Cloudy with a Chance of Meatballs""}"
plex://movie/5d77692696b655001fdcb7d8,Animación 3D,Lluvia de albóndigas 2,2013,Cloudy with a Chance of Meatballs 2,2013,Fix title,"{""new_title"": ""Cloudy with a Chance of Meatballs 2""}"
plex://movie/5d7768b6decfcd001f2f0a9c,Animación 3D,Lorax. En busca de la trúfula perdida,2012,The Lorax,2012,Fix title,"{""new_title"": ""The Lorax""}"
plex://movie/5d776889374a5b001fec87a9,Animación 3D,Los Croods,2013,The Croods,2013,Fix title,"{""new_title"": ""The Croods""}"
plex://movie/5d7768332e80df001ebde157,Animación 3D,Los Increíbles,2004,The Incredibles,2004,Fix title,"{""new_title"": ""The Incredibles""}"
plex://movie/5d9f3c34b0262f001f6f1f6a,Animación 3D,Los Increíbles 2,2018,Incredibles 2,2018,Fix title,"{""new_title"": ""Incredibles 2""}"
plex://movie/5d776da351dd69001fe44300,Animación 3D,Los Mitchell contra las máquinas,2021,Subculture Film Reviews - THE MITCHELLS VS THE MACHINES (2021),2021,Fix title,"{""new_title"": ""Subculture Film Reviews - THE MITCHELLS VS THE MACHINES (2021)""}"
plex://movie/5d77683c7e9a3c0020c6e4cb,Animación 3D,Los mundos de Coraline,2009,Coraline,2009,Fix title,"{""new_title"": ""Coraline""}"
plex://movie/5d776adc7a53e9001e711eaa,Animación 3D,Los pingüinos de Madagascar,2014,Penguins of Madagascar,2014,Fix title,"{""new_title"": ""Penguins of Madagascar""}"
plex://movie/5d7769a247dd6e001f6c8244,Animación 3D,Los Pitufos: La aldea escondida,2017,Smurfs: The Lost Village,2017,Fix title,"{""new_title"": ""Smurfs: The Lost Village""}"
plex://movie/5d776834999c64001ec2f3c5,Animación 3D,Madagascar 2,2008,Madagascar: Escape 2 Africa,2008,Fix title,"{""new_title"": ""Madagascar: Escape 2 Africa""}"
plex://movie/5d7768c26f6af7001ee5cc9b,Animación 3D,Madagascar 3: De marcha por Europa,2012,Madagascar 3: Europe's Most Wanted,2012,Fix title,"{""new_title"": ""Madagascar 3: Europe's Most Wanted""}"
plex://movie/5d776b3f7a53e9001e71f455,Animación 3D,Marianne y la pócima del amor (Strange Magic),2015,Strange Magic,2015,Fix title,"{""new_title"": ""Strange Magic""}"
plex://movie/5d77688afb0d55001f513774,Animación 3D,Marte necesita madres,2011,Mars Needs Moms,2011,Fix title,"{""new_title"": ""Mars Needs Moms""}"
plex://movie/5d776b7e7a53e9001e7278d1,Animación 3D,Mascotas,2016,The Secret Life of Pets,2016,Fix title,"{""new_title"": ""The Secret Life of Pets""}"
plex://movie/5d77683ef59e580021899a25,Animación 3D,Monstruos contra alienígenas,2009,Monsters vs Aliens: Mutant Pumpkins from Outer Space,2009,Fix title,"{""new_title"": ""Monsters vs Aliens: Mutant Pumpkins from Outer Space""}"
plex://movie/5d776826151a60001f24a9cf,Animación 3D,"Monstruos, S.A.",2001,"Monsters, Inc.",2001,Fix title,"{""new_title"": ""Monsters, Inc.""}"
plex://movie/5d7768a296b655001fdbd8a0,Animación 3D,Monstruos University,2013,Monsters University,2013,Fix title,"{""new_title"": ""Monsters University""}"
plex://movie/5d77683861141d001fb15f0e,Animación 3D,Número 9,2009,9,2009,Fix title,"{""new_title"": ""9""}"
plex://movie/648e8ced59c84b8d2b968f55,Animación 3D,Orión y la oscuridad,2024,Orion and the Dark,2024,Fix title,"{""new_title"": ""Orion and the Dark""}"
plex://movie/5d776833f54112001f5bd48b,Animación 3D,Pesadilla antes de Navidad,1993,The Making of Tim Burton's 'The Nightmare Before Christmas',1993,Fix title,"{""new_title"": ""The Making of Tim Burton's 'The Nightmare Before Christmas'""}"
plex://movie/5d77682e6f4521001ea9ac27,Animación 3D,Polar Express,2004,The Polar Express,2004,Fix title,"{""new_title"": ""The Polar Express""}"
plex://movie/5d7768375af944001f1fa688,Animación 3D,Ratónpolis,2006,Flushed Away,2006,Fix title,"{""new_title"": ""Flushed Away""}"
plex://movie/5d77702dfb0d55001f5ea0ac,Animación 3D,Raya y el último dragón,2021,Raya and the Last Dragon,2021,Fix title,"{""new_title"": ""Raya and the Last Dragon""}"
plex://movie/5d7770ae51dd69001fe59d6a,Animación 3D,Red,2022,Turning Red,2022,Fix title,"{""new_title"": ""Turning Red""}"
plex://movie/5d7768820ea56a001e2a6780,Animación 3D,Río,2011,Rio,2011,Fix title,"{""new_title"": ""Rio""}"
plex://movie/5d7769ec594b2b001e6ae1da,Animación 3D,Río 2,2014,Rio 2,2014,Fix title,"{""new_title"": ""Rio 2""}"
plex://movie/653d0d95c96a964769a7cdd8,Animación 3D,Robot salvaje,2024,The Wild Robot,2024,Fix title,"{""new_title"": ""The Wild Robot""}"
plex://movie/5d7768c99ab54400214eb7c9,Animación 3D,¡Rompe Ralph!,2012,Wreck-It Ralph,2012,Fix title,"{""new_title"": ""Wreck-It Ralph""}"
plex://movie/5d7768273c3c2a001fbcb521,Animación 3D,Shrek tercero,2007,Shrek the Third,2007,Fix title,"{""new_title"": ""Shrek the Third""}"
plex://movie/5d77683454f42c001f8c4339,Animación 3D,"Shrek, Felices para siempre",2010,Shrek Forever After,2010,Fix title,"{""new_title"": ""Shrek Forever After""}"
plex://movie/5d776828999c64001ec2ce64,Animación 3D,TMNT: Tortugas Ninja Jóvenes Mutantes,2007,TMNT,2007,Fix title,"{""new_title"": ""TMNT""}"
plex://movie/5d776af2ad5437001f78dad6,Animación 3D,Vaiana,2016,Moana,2016,Fix title,"{""new_title"": ""Moana""}"
plex://movie/65c6107cf86bc5a20e095776,Animación 3D,Vaiana 2,2024,Moana 2,2024,Fix title,"{""new_title"": ""Moana 2""}"
plex://movie/5d7768316f4521001ea9b5d9,Animación 3D,Vecinos invasores,2006,Over the Hedge,2006,Fix title,"{""new_title"": ""Over the Hedge""}"
plex://movie/5d7768264de0ee001fcc87e3,Animación 3D,Wallace y Gromit: La maldición de las verduras,2005,Wallace & Gromit: The Curse of the Were-Rabbit,2005,Fix title,"{""new_title"": ""Wallace & Gromit: The Curse of the Were-Rabbit""}"
plex://movie/61f4fbb0c34f3db8802c82d4,Animación 3D,Wallace y Gromit: La venganza se sirve con plumas,2024,Wallace & Gromit: Vengeance Most Fowl,2024,Fix title,"{""new_title"": ""Wallace & Gromit: Vengeance Most Fowl""}"
plex://movie/5d776836151a60001f24de1f,Animación 3D,WALL·E: Batallón de limpieza,2008,WALL·E,2008,Fix title,"{""new_title"": ""WALL·E""}"
plex://movie/5d776ad596b655001fdfb0f3,Animación 3D,Zootrópolis,2016,Zootopia,2016,Fix title,"{""new_title"": ""Zootopia""}"
plex://movie/5d77686c103a2d001f571373,Anime,5 centímetros por segundo,2007,5 Centimeters per Second,2007,Fix title,"{""new_title"": ""5 Centimeters per Second""}"
plex://movie/5d77682861141d001fb136ca,Anime,Jin-Roh: La brigada del lobo,1999,Jin-Roh: The Wolf Brigade,1999,Fix title,"{""new_title"": ""Jin-Roh: The Wolf Brigade""}"
plex://movie/5d9f352a4441b1001fa0e33a,Anime,Neon Genesis Evangelion: The End of Evangelion,1997,Con Air,1997,Fix title,"{""new_title"": ""Con Air""}"
plex://movie/64e6ff12cef01e3a27e3cf4a,Anime,Neon Genesis Evangelion: Death (True)²,1998,Evangelion: Death (True)²,1998,Fix title,"{""new_title"": ""Evangelion: Death (True)²""}"
plex://movie/5d7768b9431c830024c1468f,Anime,Evangelion: 3.0 You Can (Not) Redo,2012,AMC Lincoln Live Q & A,2012,Fix title,"{""new_title"": ""AMC Lincoln Live Q & A""}"
plex://movie/5d9f3c76e4fc29001eb6f18c,Anime,Psycho-Pass: La película,2015,Psycho-Pass: The Movie,2015,Fix title,"{""new_title"": ""Psycho-Pass: The Movie""}"
plex://movie/5d7768562e80df001ebe1cb6,Anime,¿Quién es el 11º pasajero?,1986,Circus of the Stars #11,1986,Fix title,"{""new_title"": ""Circus of the Stars #11""}"
plex://movie/5d7768667e9a3c0020c728d5,Anime,Roujin Z,1991,Dragon Ball Z: Cooler's Revenge,1991,Fix title,"{""new_title"": ""Dragon Ball Z: Cooler's Revenge""}"
plex://movie/5d77683e7228e5001f1e0000,Asia,Death Note: El último nombre,2006,Death Note: The Last Name,2006,Fix title,"{""new_title"": ""Death Note: The Last Name""}"
plex://movie/61603940d21dd666b677c67b,Asia,El monje y el rifle,2023,The Monk and the Gun,2023,Fix title,"{""new_title"": ""The Monk and the Gun""}"
plex://movie/5d9f34f8b0262f001f6e8fef,Asia,La maldición 2 (The Grudge 2),2003,2 Fast 2 Furious,2003,Fix title,"{""new_title"": ""2 Fast 2 Furious""}"
plex://movie/5d776d147a53e9001e75042e,Cine Clasico,12 hombres sin piedad,1957,12 Angry Men,1957,Fix title,"{""new_title"": ""12 Angry Men""}"
plex://movie/5d776824a091de001f2e6020,Cine Clasico,2001: una odisea del espacio,1968,2001: A Space Odyssey,1968,Fix title,"{""new_title"": ""2001: A Space Odyssey""}"
plex://movie/5d77682485719b001f3a0420,Cine Clasico,Anatomía de un asesinato,1959,Anatomy of a Murder,1959,Fix title,"{""new_title"": ""Anatomy of a Murder""}"
plex://movie/5d776d1396b655001fe3ea06,Cine Clasico,El apartamento,1960,The Apartment,1960,Fix title,"{""new_title"": ""The Apartment""}"
plex://movie/5d77682885719b001f3a124c,Cine Clasico,Cantando bajo la lluvia,1952,Singin' in the Rain,1952,Fix title,"{""new_title"": ""Singin' in the Rain""}"
plex://movie/5d776824f59e580021897863,Cine Clasico,Ciudadano Kane,1941,Citizen Kane,1941,Fix title,"{""new_title"": ""Citizen Kane""}"
plex://movie/5d776824eb5d26001f1dd002,Cine Clasico,Con faldas y a lo loco,1959,Some Like It Hot,1959,Fix title,"{""new_title"": ""Some Like It Hot""}"
plex://movie/5d776824e6d55c002040ae66,Cine Clasico,Con la muerte en los talones,1959,North by Northwest,1959,Fix title,"{""new_title"": ""North by Northwest""}"
plex://movie/5d776832103a2d001f56709d,Cine Clasico,El golpe,1973,The Sting,1973,Fix title,"{""new_title"": ""The Sting""}"
plex://movie/5d7768273c3c2a001fbcb51f,Cine Clasico,El puente sobre el río Kwai,1957,The Bridge on the River Kwai,1957,Fix title,"{""new_title"": ""The Bridge on the River Kwai""}"
com.plexapp.agents.themoviedb://22527?lang=es,Cine Clasico,Falso culpable,1956,The Wrong Man,1956,Fix title,"{""new_title"": ""The Wrong Man""}"
plex://movie/5d776828961905001eb919dc,Cine Clasico,El halcón maltés,1941,The Maltese Falcon,1941,Fix title,"{""new_title"": ""The Maltese Falcon""}"
plex://movie/5d77682f61141d001fb148ca,Cine Clasico,La gran evasión,1963,The Great Escape,1963,Fix title,"{""new_title"": ""The Great Escape""}"
plex://movie/5d776827eb5d26001f1ddab5,Cine Clasico,Lo que el viento se llevó,1939,Gone with the Wind,1939,Fix title,"{""new_title"": ""Gone with the Wind""}"
plex://movie/5d776d1a594b2b001e7015f1,Cine Clasico,Los pájaros,1963,The Birds,1963,Fix title,"{""new_title"": ""The Birds""}"
plex://movie/5d77683a6f4521001ea9d10f,Cine Clasico,Luz que agoniza,1944,Gaslight,1944,Fix title,"{""new_title"": ""Gaslight""}"
plex://movie/5d77683585719b001f3a3946,Cine Clasico,La noche de los muertos vivientes,1968,Night of the Living Dead,1968,Fix title,"{""new_title"": ""Night of the Living Dead""}"
com.plexapp.agents.themoviedb://1978?lang=es,Cine Clasico,Pánico en la escena,1950,Stage Fright,1950,Fix title,"{""new_title"": ""Stage Fright""}"
com.plexapp.agents.themoviedb://223?lang=es,Cine Clasico,Rebeca,1982,The Taming of Rebecca,1982,Fix title,"{""new_title"": ""The Taming of Rebecca""}"
plex://movie/5d77682454c0f0001f301a46,Cine Clasico,Rebelde sin causa,1955,Rebel Without a Cause,1955,Fix title,"{""new_title"": ""Rebel Without a Cause""}"
plex://movie/5d77683d85719b001f3a5288,Cine Clasico,Sonrisas y lágrimas,1965,The Sound of Music,1965,Fix title,"{""new_title"": ""The Sound of Music""}"
com.plexapp.agents.themoviedb://11462?lang=es,Cine Clasico,Sospecha,1943,Above Suspicion,1943,Fix title,"{""new_title"": ""Above Suspicion""}"
plex://movie/5d9f3571b0262f001f6eb2ee,Cine Clasico,Testigo de cargo,1957,Witness for the Prosecution,1957,Fix title,"{""new_title"": ""Witness for the Prosecution""}"
com.plexapp.agents.themoviedb://426?lang=es,Cine Clasico,Vértigo,1958,Vertigo,1958,Fix title,"{""new_title"": ""Vertigo""}"
plex://movie/5d77682a6f4521001ea99b01,Cine Clasico,West Side Story (Amor sin barreras),1961,West Side Story,1961,Fix title,"{""new_title"": ""West Side Story""}"
plex://movie/5d9f3503ca3253001ef27bef,Cortos animación,Abducido,2006,Lifted,2006,Fix title,"{""new_title"": ""Lifted""}"
plex://movie/5d776852880197001ec987d6,Cortos animación,Arthur Christmas: Patrulla de aterrizaje,2009,Prep & Landing,2009,Fix title,"{""new_title"": ""Prep & Landing""}"
plex://movie/5d7768ddad5437001f7513c6,Cortos animación,Campanilla : Los Juegos de la Hondonada de las Hadas,2011,Pixie Hollow Games,2011,Fix title,"{""new_title"": ""Pixie Hollow Games""}"
plex://movie/5d9f3505d74e67002002097d,Cortos animación,Cars : Mate y la luz fantasma,2006,Mater and the Ghostlight,2006,Fix title,"{""new_title"": ""Mater and the Ghostlight""}"
plex://movie/5d7768ee7a53e9001e6dcccd,Cortos animación,Como entrenar a tu dragon: El regalo de Furia Nocturna,2011,Dragons: Gift of the Night Fury,2011,Fix title,"{""new_title"": ""Dragons: Gift of the Night Fury""}"
plex://movie/5d7768859ab54400214e71c0,Cortos animación,Cómo entrenar a tu dragón: La leyenda del Robahuesos,2010,Legend of the Boneknapper Dragon,2010,Fix title,"{""new_title"": ""Legend of the Boneknapper Dragon""}"
plex://movie/5d776bce594b2b001e6e3e4c,Cortos animación,Del Reves : ¿La primera cita de Riley?,2015,Riley's First Date?,2015,Fix title,"{""new_title"": ""Riley's First Date?""}"
plex://movie/5d7768cadecfcd001f2f2ae4,Cortos animación,Enredados : Enredados para siempre,2012,Tangled Ever After,2012,Fix title,"{""new_title"": ""Tangled Ever After""}"
plex://movie/5d776ffa7a53e9001e799b52,Cortos animación,Fábulas Disney - Vol.1,2005,Timeless Tales,2005,Fix title,"{""new_title"": ""Timeless Tales""}"
plex://movie/5d9f35ccdfd12800208a21e8,Cortos animación,El gato con botas: Los tres diablos,2012,Puss in Boots: The Three Diablos,2012,Fix title,"{""new_title"": ""Puss in Boots: The Three Diablos""}"
plex://movie/5d9f3566e4fc29001eb668b3,Cortos animación,El Grúfalo,2009,The Gruffalo,2009,Fix title,"{""new_title"": ""The Gruffalo""}"
plex://movie/5d9f3505e4fc29001eb658a4,Cortos animación,El hombre orquesta,2005,One Man Band,2005,Fix title,"{""new_title"": ""One Man Band""}"
plex://movie/5d776aa596b655001fdf4d09,Cortos animación,Home : Destino Home,2014,Almost Home,2014,Fix title,"{""new_title"": ""Almost Home""}"
plex://movie/5d7768418a7581001f12f09e,Cortos animación,Ice Age : Bellotas,2002,Gone Nutty,2002,Fix title,"{""new_title"": ""Gone Nutty""}"
plex://movie/5d7768bf2d18a4001ff1165d,Cortos animación,Ice Age: Navidades heladas,2011,Ice Age: A Mammoth Christmas,2011,Fix title,"{""new_title"": ""Ice Age: A Mammoth Christmas""}"
plex://movie/5d77688b23d5a3001f4ede4c,Cortos animación,Kung Fu Panda: Las vacaciones,2010,Kung Fu Panda Holiday,2010,Fix title,"{""new_title"": ""Kung Fu Panda Holiday""}"
plex://movie/5d77683e2ec6b5001f6bd697,Cortos animación,Kung Fu Panda: Los secretos de los cinco furiosos,2008,Kung Fu Panda: Secrets of the Furious Five,2008,Fix title,"{""new_title"": ""Kung Fu Panda: Secrets of the Furious Five""}"
plex://movie/5d7769ce7a53e9001e6f104e,Cortos animación,Locamente enamorado,2012,Head Over Heels,2012,Fix title,"{""new_title"": ""Head Over Heels""}"
plex://movie/5d9f3505ca3253001ef27c9e,Cortos animación,Los Increibles : Jack-Jack ataca,2005,Jack-Jack Attack,2005,Fix title,"{""new_title"": ""Jack-Jack Attack""}"
plex://movie/5d9f35c24441b1001fa0fe72,Cortos animación,Los Pitufos: Cuento de Navidad,2011,The Smurfs: A Christmas Carol,2011,Fix title,"{""new_title"": ""The Smurfs: A Christmas Carol""}"
plex://movie/5d9f38eb68e4c8001fb61ef7,Cortos animación,Los Simpson: Maggie Simpson En El Día Más Largo De Maggie,2012,The Longest Daycare,2012,Fix title,"{""new_title"": ""The Longest Daycare""}"
plex://movie/5d9f34fa6fc551001ef7fb84,Cortos animación,Madagascar: los pingüinos en travesura navideña,2005,The Madagascar Penguins in a Christmas Caper,2005,Fix title,"{""new_title"": ""The Madagascar Penguins in a Christmas Caper""}"
plex://movie/5d776d19f617c900201863dd,Cortos animación,Mickey : La navidad mágica de Mickey,2001,Mickey's Magical Christmas: Snowed in at the House of Mouse,2001,Fix title,"{""new_title"": ""Mickey's Magical Christmas: Snowed in at the House of Mouse""}"
plex://movie/5d776ce523d5a3001f51f155,Cortos animación,Mickey : El Príncipe y el Mendigo,1990,The Prince and the Pauper,1990,Fix title,"{""new_title"": ""The Prince and the Pauper""}"
plex://movie/5d9f3951ca3253001ef2c731,Cortos animación,Minions: Cachorro,2013,Puppy!,2013,Fix title,"{""new_title"": ""Puppy!""}"
plex://movie/5d9f395168e4c8001fb62eec,Cortos animación,Minions: Pánico en la sala de envíos,2013,Panic in the Mailroom,2013,Fix title,"{""new_title"": ""Panic in the Mailroom""}"
plex://movie/5d776895f617c90020155ac6,Cortos animación,Minions: Redecorando la casa,2010,Home Makeover,2010,Fix title,"{""new_title"": ""Home Makeover""}"
plex://movie/5d9f358906d220001feb5e9c,Cortos animación,Monsters vs Aliens: Las calabazas mutantes del espacio exterior,2009,Monsters vs Aliens: Mutant Pumpkins from Outer Space,2009,Fix title,"{""new_title"": ""Monsters vs Aliens: Mutant Pumpkins from Outer Space""}"
plex://movie/5d7768821999bc0020dc7482,Cortos animación,Octópodo,2007,Oktapodi,2007,Fix title,"{""new_title"": ""Oktapodi""}"
plex://movie/5d9f3551e4fc29001eb6653a,Cortos animación,Parcialmente nublado,2009,Partly Cloudy,2009,Fix title,"{""new_title"": ""Partly Cloudy""}"
plex://movie/5d77686e103a2d001f571633,Cortos animación,La pequeña cerillera,2006,The Little Matchgirl,2006,Fix title,"{""new_title"": ""The Little Matchgirl""}"
plex://movie/5d77684f85719b001f3a83ac,Cortos animación,Shrek: El fantasma de Lord Farquaad,2003,Shrek 4-D,2003,Fix title,"{""new_title"": ""Shrek 4-D""}"
plex://movie/5d9f350306d220001feb4154,Cortos animación,Shrek: Shreketefeliz Navidad,2007,Shrek the Halls,2007,Fix title,"{""new_title"": ""Shrek the Halls""}"
plex://movie/5d7768477228e5001f1e1124,Cortos animación,Strings (Cuerdas),2004,Strings,2004,Fix title,"{""new_title"": ""Strings""}"
plex://movie/5d9f3505d74e670020020976,Cortos animación,Toy Story : El sueño de Red,1987,Red's Dream,1987,Fix title,"{""new_title"": ""Red's Dream""}"
plex://movie/5d77699347dd6e001f6c7642,Cortos animación,Toy Story Toons: Fiestasaurio Rex,2012,Toy Story Toons: Partysaurus Rex,2012,Fix title,"{""new_title"": ""Toy Story Toons: Partysaurus Rex""}"
plex://movie/5d9f35cbd74e670020023064,Cortos animación,Toy Story Toons: Pequeño gran Buzz,2011,Toy Story Toons: Small Fry,2011,Fix title,"{""new_title"": ""Toy Story Toons: Small Fry""}"
plex://movie/5d7768bd431c830024c14ed7,Cortos animación,Toy Story Toons: Vacaciones en Hawái,2011,Toy Story Toons: Hawaiian Vacation,2011,Fix title,"{""new_title"": ""Toy Story Toons: Hawaiian Vacation""}"
plex://movie/5d776a44fb0d55001f540260,Cortos animación,Toy Story: ¡Terror!,2013,Toy Story of Terror,2013,Fix title,"{""new_title"": ""Toy Story of Terror""}"
plex://movie/5d776aa747dd6e001f6d57aa,Cortos animación,Toy Story: El tiempo perdido,2014,Toy Story That Time Forgot,2014,Fix title,"{""new_title"": ""Toy Story That Time Forgot""}"
plex://movie/5d9f3552d74e670020021836,Cortos animación,Up : La misión especial de Dug,2009,Dug's Special Mission,2009,Fix title,"{""new_title"": ""Dug's Special Mission""}"
plex://movie/5d77683a85719b001f3a4ba4,Cortos animación,Wall E : BURN-E,2008,Burn-E,2008,Fix title,"{""new_title"": ""Burn-E""}"
plex://movie/5d776869103a2d001f570ff4,Documentales,Océanos,2008,Oceans,2008,Fix title,"{""new_title"": ""Oceans""}"
plex://movie/5d9f35a468e4c8001fb60741,Documentales,Proyecto Nim,2011,Project Nim,2011,Fix title,"{""new_title"": ""Project Nim""}"
plex://movie/5d776bc59ab544002150f272,Documentales,¿Qué invadimos ahora?,2015,Where to Invade Next,2015,Fix title,"{""new_title"": ""Where to Invade Next""}"
plex://movie/5d7768ba0ea56a001e2a96e5,Películas,12 años de esclavitud,2013,12 Years a Slave,2013,Fix title,"{""new_title"": ""12 Years a Slave""}"
plex://movie/5d77682e2e80df001ebdd80d,Películas,30 días de oscuridad,2007,30 Days of Night,2007,Fix title,"{""new_title"": ""30 Days of Night""}"
plex://movie/5d776a977a53e9001e709a78,Películas,´71,2014,'71,2014,Fix title,"{""new_title"": ""'71""}"
plex://movie/5d77687d7e5fa10020bf080d,Películas,127 horas,2010,127 Hours,2010,Fix title,"{""new_title"": ""127 Hours""}"
plex://movie/5d776845e6d55c002040f828,Películas,(500) días juntos,2009,Not a Love Story: Making (500) Days of Summer,2009,Fix title,"{""new_title"": ""Not a Love Story: Making (500) Days of Summer""}"
plex://movie/5d7768e096b655001fdc3cf1,Películas,A propósito de Llewyn Davis,2013,Inside Llewyn Davis,2013,Fix title,"{""new_title"": ""Inside Llewyn Davis""}"
plex://movie/5d77682861141d001fb136c6,Películas,Abierto hasta el amanecer,1996,From Dusk Till Dawn,1996,Fix title,"{""new_title"": ""From Dusk Till Dawn""}"
plex://movie/5d77682e3c3c2a001fbcc9df,Películas,"Adiós pequeña, adiós",2007,Gone Baby Gone,2007,Fix title,"{""new_title"": ""Gone Baby Gone""}"
plex://movie/5d776e287a53e9001e76ea9c,Películas,Agárralo como puedas,2025,The Naked Gun,2025,Fix title,"{""new_title"": ""The Naked Gun""}"
plex://movie/5d7768353c3c2a001fbce530,Películas,Agárrame esos fantasmas,1996,The Frighteners,1996,Fix title,"{""new_title"": ""The Frighteners""}"
plex://movie/5d7768b907c4a5001e67bb61,Películas,Ahora me ves,2013,Now You See Me,2013,Fix title,"{""new_title"": ""Now You See Me""}"
plex://movie/5d7769aa96b655001fdd5c4c,Películas,Al encuentro de Mr. Banks,2013,Saving Mr. Banks,2013,Fix title,"{""new_title"": ""Saving Mr. Banks""}"
plex://movie/5d7769a27a53e9001e6ebc72,Películas,Al filo del mañana,2014,Edge of Tomorrow,2014,Fix title,"{""new_title"": ""Edge of Tomorrow""}"
plex://movie/5d7769a2ad5437001f762d46,Películas,Alabama Monroe,2012,The Broken Circle Breakdown,2012,Fix title,"{""new_title"": ""The Broken Circle Breakdown""}"
plex://movie/5d776826961905001eb90fd0,Películas,Alguien voló sobre el nido del cuco,1975,One Flew Over the Cuckoo's Nest,1975,Fix title,"{""new_title"": ""One Flew Over the Cuckoo's Nest""}"
plex://movie/5d7768327e9a3c0020c6c114,Películas,Alí,2001,Ali,2001,Fix title,"{""new_title"": ""Ali""}"
plex://movie/5d776d1523d5a3001f5201a7,Películas,Amanecer de los muertos,2004,Dawn of the Dead,2004,Fix title,"{""new_title"": ""Dawn of the Dead""}"
plex://movie/5d776825151a60001f24a5d9,Películas,Amor a quemarropa,1993,True Romance,1993,Fix title,"{""new_title"": ""True Romance""}"
plex://movie/5d77687b0ea56a001e2a6096,Películas,Amor y otras drogas,2010,Love & Other Drugs,2010,Fix title,"{""new_title"": ""Love & Other Drugs""}"
plex://movie/5d7768c796b655001fdc178a,Películas,Animales nocturnos,2016,Nocturnal Animals,2016,Fix title,"{""new_title"": ""Nocturnal Animals""}"
plex://movie/5d7768294de0ee001fcc9262,Películas,Arde Mississippi,1988,Mississippi Burning,1988,Fix title,"{""new_title"": ""Mississippi Burning""}"
plex://movie/5d7768283c3c2a001fbcb8b6,Películas,"Arlington Road, temerás a tu vecino",1999,Arlington Road,1999,Fix title,"{""new_title"": ""Arlington Road""}"
plex://movie/5d77683fe6d55c002040ecba,Películas,Arrástrame al infierno,2009,Drag Me to Hell,2009,Fix title,"{""new_title"": ""Drag Me to Hell""}"
plex://movie/5d776832f54112001f5bd214,Películas,Asalto al Distrito 13,2005,Assault on Precinct 13,2005,Fix title,"{""new_title"": ""Assault on Precinct 13""}"
plex://movie/5d776824880197001ec901ae,Películas,Asesinos natos,1994,Natural Born Killers,1994,Fix title,"{""new_title"": ""Natural Born Killers""}"
plex://movie/5d776827eb5d26001f1ddabb,Películas,Aterriza como puedas,1980,Airplane!,1980,Fix title,"{""new_title"": ""Airplane!""}"
plex://movie/5d7768273c3c2a001fbcb12a,Películas,Atrápame si puedes,2002,Catch Me If You Can,2002,Fix title,"{""new_title"": ""Catch Me If You Can""}"
com.plexapp.agents.themoviedb://581?lang=es,Películas,Bailando con lobos,1990,Dances with Wolves,1990,Fix title,"{""new_title"": ""Dances with Wolves""}"
plex://movie/5f40a40f768fc700405e5dfc,Películas,Bala perdida,2025,Caught Stealing,2025,Fix title,"{""new_title"": ""Caught Stealing""}"
plex://movie/5d77682d8a7581001f12c8ab,Películas,Banderas de nuestros padres,2006,Flags of Our Fathers,2006,Fix title,"{""new_title"": ""Flags of Our Fathers""}"
plex://movie/5d7768d29ab54400214ebce5,Películas,Bestias del sur salvaje,2012,Beasts of the Southern Wild,2012,Fix title,"{""new_title"": ""Beasts of the Southern Wild""}"
plex://movie/5d77692151dd69001fe15172,Películas,Bienvenidos al fin del mundo,2013,The World's End,2013,Fix title,"{""new_title"": ""The World's End""}"
plex://movie/5d776a1bfb0d55001f53aa67,Películas,Birdman o (la inesperada virtud de la ignorancia),2014,Birdman or (The Unexpected Virtue of Ignorance),2014,Fix title,"{""new_title"": ""Birdman or (The Unexpected Virtue of Ignorance)""}"
plex://movie/5d776828961905001eb915f7,Películas,Black Hawk derribado,2001,Black Hawk Down,2001,Fix title,"{""new_title"": ""Black Hawk Down""}"
plex://movie/5d7768d97a53e9001e6da6a6,Películas,Boyhood (Momentos de una vida),2014,Boyhood,2014,Fix title,"{""new_title"": ""Boyhood""}"
plex://movie/5d7768e451dd69001fe120ef,Películas,Buscando un amigo para el fin del mundo,2012,Seeking a Friend for the End of the World,2012,Fix title,"{""new_title"": ""Seeking a Friend for the End of the World""}"
plex://movie/5d7768248a7581001f12bc77,Películas,Cadena perpetua,1994,The Shawshank Redemption,1994,Fix title,"{""new_title"": ""The Shawshank Redemption""}"
plex://movie/5d77682da091de001f2e708e,Películas,Camino a la perdición,2002,Road to Perdition,2002,Fix title,"{""new_title"": ""Road to Perdition""}"
plex://movie/5d77692647dd6e001f6c3d1f,Películas,Capitán Phillips,2013,Captain Phillips,2013,Fix title,"{""new_title"": ""Captain Phillips""}"
plex://movie/5d776829103a2d001f564b56,Películas,Cartas desde Iwo Jima,2006,Letters from Iwo Jima,2006,Fix title,"{""new_title"": ""Letters from Iwo Jima""}"
plex://movie/5d776d17594b2b001e7011b9,Películas,Cementerio viviente,1989,Pet Sematary,1989,Fix title,"{""new_title"": ""Pet Sematary""}"
plex://movie/5d776bc4ad5437001f7a9684,Películas,Cien años de perdón,2016,Así se hizo... Cien años de perdón,2016,Fix title,"{""new_title"": ""Así se hizo... Cien años de perdón""}"
plex://movie/5d7768298a7581001f12c0d6,Películas,Cinderella Man. El hombre que no se dejó tumbar,2005,Cinderella Man,2005,Fix title,"{""new_title"": ""Cinderella Man""}"
plex://movie/5d77687d33f255001e857fdb,Películas,Cisne negro,2010,Black Swan,2010,Fix title,"{""new_title"": ""Black Swan""}"
plex://movie/5d776b59594b2b001e6d764f,Películas,La ciudad de las estrellas (La La Land),2016,La La Land,2016,Fix title,"{""new_title"": ""La La Land""}"
plex://movie/5d7768338718ba001e31411e,Películas,Cocodrilo Dundee,1986,Crocodile Dundee,1986,Fix title,"{""new_title"": ""Crocodile Dundee""}"
plex://movie/5d776881e6d55c00204146e3,Películas,Código fuente,2011,Source Code,2011,Fix title,"{""new_title"": ""Source Code""}"
plex://movie/5d776b9ead5437001f7a5049,Películas,Comanchería,2016,Hell or High Water,2016,Fix title,"{""new_title"": ""Hell or High Water""}"
plex://movie/5d7768a023d5a3001f4ef0ad,Películas,Como locos,2011,Like Crazy,2011,Fix title,"{""new_title"": ""Like Crazy""}"
plex://movie/5d776826103a2d001f564156,Películas,Cómo ser John Malkovich,1999,Being John Malkovich,1999,Fix title,"{""new_title"": ""Being John Malkovich""}"
plex://movie/6284c9b1f018e53ba8574263,Películas,Cónclave,2024,Conclave,2024,Fix title,"{""new_title"": ""Conclave""}"
plex://movie/5d77684f5af944001f1fec54,Películas,Corazón rebelde,2009,Crazy Heart,2009,Fix title,"{""new_title"": ""Crazy Heart""}"
plex://movie/5d776826103a2d001f564152,Películas,Corazón salvaje,1990,Wild at Heart,1990,Fix title,"{""new_title"": ""Wild at Heart""}"
plex://movie/5d776a62fb0d55001f5449b5,Películas,Corazones de acero,2014,Fury,2014,Fix title,"{""new_title"": ""Fury""}"
plex://movie/5d77682a6f4521001ea99b40,Películas,Crank: Veneno en la sangre,2006,Crank,2006,Fix title,"{""new_title"": ""Crank""}"
plex://movie/5d77688a374a5b001fec89a8,Películas,Criadas y señoras,2011,The Help,2011,Fix title,"{""new_title"": ""The Help""}"
plex://movie/5d7768fefb0d55001f51f158,Películas,Cruce de caminos,2013,Going to the Place Beyond the Pines,2013,Fix title,"{""new_title"": ""Going to the Place Beyond the Pines""}"
com.plexapp.agents.themoviedb://639?lang=es,Películas,Cuando Harry encontró a Sally,1989,When Harry Met Sally...,1989,Fix title,"{""new_title"": ""When Harry Met Sally...""}"
plex://movie/5d7769c47a53e9001e6efe36,Películas,Cuando todo está perdido,2013,All Is Lost,2013,Fix title,"{""new_title"": ""All Is Lost""}"
plex://movie/5d7768317e9a3c0020c6beca,Películas,Déjà Vu,2006,Deja Vu,2006,Fix title,"{""new_title"": ""Deja Vu""}"
plex://movie/5d776c7b594b2b001e6f4c9c,Películas,Déjame salir,2017,Get Out,2017,Fix title,"{""new_title"": ""Get Out""}"
plex://movie/5d776d15594b2b001e700c85,Películas,Desafío total,1990,Total Recall,1990,Fix title,"{""new_title"": ""Total Recall""}"
plex://movie/5e162221a304a6004142a8a7,Películas,Despierta la furia,2021,Wrath of Man,2021,Fix title,"{""new_title"": ""Wrath of Man""}"
plex://movie/5d77686c8718ba001e31baf2,Películas,Destino oculto,2011,The Adjustment Bureau,2011,Fix title,"{""new_title"": ""The Adjustment Bureau""}"
plex://movie/5d776833f59e580021898856,Películas,Deuda de sangre,2002,Blood Work,2002,Fix title,"{""new_title"": ""Blood Work""}"
plex://movie/5d9f34ebadeb7a0021cdfdf0,Películas,Diarios de la calle,2007,Freedom Writers,2007,Fix title,"{""new_title"": ""Freedom Writers""}"
plex://movie/5d7768247e9a3c0020c6a8f1,Películas,Días extraños,1995,Strange Days,1995,Fix title,"{""new_title"": ""Strange Days""}"
plex://movie/5d776880decfcd001f2ead76,Películas,El discurso del rey,2010,The King's Speech,2010,Fix title,"{""new_title"": ""The King's Speech""}"
plex://movie/5d776841e6d55c002040ee8b,Películas,Distrito 9,2009,District 9,2009,Fix title,"{""new_title"": ""District 9""}"
plex://movie/5d7768adebdf2200209c5d46,Películas,Django desencadenado,2012,Django Unchained,2012,Fix title,"{""new_title"": ""Django Unchained""}"
plex://movie/5d776c0623d5a3001f516b20,Películas,Dunkerque,2017,Dunkirk,2017,Fix title,"{""new_title"": ""Dunkirk""}"
plex://movie/5d9f3500adeb7a0021ce0a90,Películas,Eclipse total (Dolores Claiborne),1995,Dolores Claiborne,1995,Fix title,"{""new_title"": ""Dolores Claiborne""}"
plex://movie/5d776835151a60001f24dc0a,Películas,La edad de la inocencia,1993,The Age of Innocence,1993,Fix title,"{""new_title"": ""The Age of Innocence""}"
plex://movie/5d77692647dd6e001f6c3d20,Películas,Efectos secundarios,2013,Side Effects,2013,Fix title,"{""new_title"": ""Side Effects""}"
plex://movie/5d776834151a60001f24d9b8,Películas,Ejecución inminente,1999,True Crime,1999,Fix title,"{""new_title"": ""True Crime""}"
plex://movie/5d7768ccfb0d55001f519e19,Películas,El atlas de las nubes,2012,Cloud Atlas,2012,Fix title,"{""new_title"": ""Cloud Atlas""}"
plex://movie/5d776824e6d55c002040ae64,Películas,El caso Slevin,2006,Lucky Number Slevin,2006,Fix title,"{""new_title"": ""Lucky Number Slevin""}"
plex://movie/5d7768265af944001f1f6976,Películas,El Club de la Lucha,1999,Fight Club,1999,Fix title,"{""new_title"": ""Fight Club""}"
plex://movie/5d7768247e9a3c0020c6a8f7,Películas,El club de los poetas muertos,1989,Dead Poets Society,1989,Fix title,"{""new_title"": ""Dead Poets Society""}"
plex://movie/5d7768288718ba001e3120bb,Películas,El color púrpura,1985,The Color Purple,1985,Fix title,"{""new_title"": ""The Color Purple""}"
plex://movie/5d776b0afb0d55001f559f83,Películas,El desafío (The Walk),2015,The Walk,2015,Fix title,"{""new_title"": ""The Walk""}"
plex://movie/5d776d189ab544002151ba02,Películas,El diablo sobre ruedas,1971,Duel,1971,Fix title,"{""new_title"": ""Duel""}"
plex://movie/5d776836999c64001ec2f707,Películas,El diario de Noa,2004,The Notebook,2004,Fix title,"{""new_title"": ""The Notebook""}"
plex://movie/5d7769b59ab54400214f5a7c,Películas,El Doble,2013,The Double,2013,Fix title,"{""new_title"": ""The Double""}"
plex://movie/5d776acf96b655001fdfa075,Películas,El editor de libros,2016,Genius,2016,Fix title,"{""new_title"": ""Genius""}"
plex://movie/5d77682a5af944001f1f770a,Películas,El efecto mariposa,2004,The Butterfly Effect,2004,Fix title,"{""new_title"": ""The Butterfly Effect""}"
plex://movie/5d7768375af944001f1fa5e4,Películas,El escritor,2010,The Ghost Writer,2010,Fix title,"{""new_title"": ""The Ghost Writer""}"
plex://movie/5d7768333c3c2a001fbcdab7,Películas,El exorcista,1973,The Exorcist,1973,Fix title,"{""new_title"": ""The Exorcist""}"
plex://movie/5d7768b796b655001fdbff0d,Películas,El exótico Hotel Marigold,2011,The Best Exotic Marigold Hotel,2011,Fix title,"{""new_title"": ""The Best Exotic Marigold Hotel""}"
plex://movie/5d776834eb5d26001f1e05f5,Películas,El fantasma de la ópera,2004,The Phantom of the Opera,2004,Fix title,"{""new_title"": ""The Phantom of the Opera""}"
plex://movie/5d776833151a60001f24d66a,Películas,El fin de los días,1999,End of Days,1999,Fix title,"{""new_title"": ""End of Days""}"
plex://movie/5d776a12ad5437001f7710dd,Películas,El francotirador,2014,American Sniper,2014,Fix title,"{""new_title"": ""American Sniper""}"
plex://movie/5d776833961905001eb935a9,Películas,El fuego de la venganza,2004,Man on Fire,2004,Fix title,"{""new_title"": ""Man on Fire""}"
plex://movie/5d7768355af944001f1fa08f,Películas,El fuera de la ley,1976,The Outlaw Josey Wales,1976,Fix title,"{""new_title"": ""The Outlaw Josey Wales""}"
plex://movie/5d776974f617c9002015fda3,Películas,El gran hotel Budapest,2014,The Grand Budapest Hotel,2014,Fix title,"{""new_title"": ""The Grand Budapest Hotel""}"
plex://movie/5d7768246f4521001ea988b1,Películas,El gran Lebowski,1998,The Big Lebowski,1998,Fix title,"{""new_title"": ""The Big Lebowski""}"
plex://movie/5d776b607a53e9001e723c57,Películas,El gran showman,2017,The Greatest Showman,2017,Fix title,"{""new_title"": ""The Greatest Showman""}"
plex://movie/5d77682a3c3c2a001fbcbde8,Películas,El grito,2004,The Grudge,2004,Fix title,"{""new_title"": ""The Grudge""}"
plex://movie/5d7768b5ad5437001f74db8d,Películas,El Havre,2011,Le Havre,2011,Fix title,"{""new_title"": ""Le Havre""}"
plex://movie/5d776d1723d5a3001f5203ff,Películas,El hundimiento,2004,Hitlers letzte Tage - Der Film 'Der Untergang',2004,Fix title,"{""new_title"": ""Hitlers letzte Tage - Der Film 'Der Untergang'""}"
plex://movie/5d77683485719b001f3a3672,Películas,El imperio del sol,1987,Empire of the Sun,1987,Fix title,"{""new_title"": ""Empire of the Sun""}"
plex://movie/5d776826880197001ec905d0,Películas,El indomable Will Hunting,1997,Good Will Hunting,1997,Fix title,"{""new_title"": ""Good Will Hunting""}"
plex://movie/5d77688bdecfcd001f2ebfd8,Películas,El inocente,2011,The Lincoln Lawyer,2011,Fix title,"{""new_title"": ""The Lincoln Lawyer""}"
plex://movie/5d77682d880197001ec91f33,Películas,El intercambio,2008,Changeling,2008,Fix title,"{""new_title"": ""Changeling""}"
plex://movie/5d776c4351dd69001fe397da,Películas,El irlandés,2019,The Irishman,2019,Fix title,"{""new_title"": ""The Irishman""}"
plex://movie/5d77683254f42c001f8c3c6b,Películas,El jinete pálido,1985,Pale Rider,1985,Fix title,"{""new_title"": ""Pale Rider""}"
plex://movie/5d776a35ad5437001f7759b2,Películas,El juez,2014,The Judge,2014,Fix title,"{""new_title"": ""The Judge""}"
plex://movie/5d7768297e9a3c0020c6b0de,Películas,El laberinto del fauno,2006,El laberinto del fauno: Detras de las camaras,2006,Fix title,"{""new_title"": ""El laberinto del fauno: Detras de las camaras""}"
plex://movie/5d7768452ec6b5001f6beaa6,Películas,El libro de Eli,2010,The Book of Eli,2010,Fix title,"{""new_title"": ""The Book of Eli""}"
plex://movie/5d77691c9ab54400214efcc8,Películas,El lobo de Wall Street,2013,The Wolf of Wall Street,2013,Fix title,"{""new_title"": ""The Wolf of Wall Street""}"
plex://movie/5d7768387e9a3c0020c6d5e8,Películas,El luchador,2008,The Wrestler,2008,Fix title,"{""new_title"": ""The Wrestler""}"
plex://movie/5d77699847dd6e001f6c7979,Películas,El mayordomo,2013,The Butler,2013,Fix title,"{""new_title"": ""The Butler""}"
plex://movie/5d7769e751dd69001fe1d668,Películas,El médico,2013,The Physician,2013,Fix title,"{""new_title"": ""The Physician""}"
com.plexapp.agents.themoviedb://614917?lang=es,Películas,El método Williams,2021,King Richard,2021,Fix title,"{""new_title"": ""King Richard""}"
plex://movie/5d77683085719b001f3a2a49,Películas,El orfanato,2007,El orfanato llega a Hollywood,2007,Fix title,"{""new_title"": ""El orfanato llega a Hollywood""}"
plex://movie/5d776826eb5d26001f1dd3fe,Películas,El pianista,2002,The Pianist,2002,Fix title,"{""new_title"": ""The Pianist""}"
plex://movie/5d7768242e80df001ebdcc24,Películas,El precio del poder,1983,Scarface,1983,Fix title,"{""new_title"": ""Scarface""}"
plex://movie/5d7768347228e5001f1de68b,Películas,El príncipe de las mareas,1991,The Prince of Tides,1991,Fix title,"{""new_title"": ""The Prince of Tides""}"
plex://movie/5d776830961905001eb930fc,Películas,El principiante,1990,The Rookie,1990,Fix title,"{""new_title"": ""The Rookie""}"
plex://movie/5d776b2cad5437001f796262,Películas,El puente de los espías,2015,Bridge of Spies,2015,Fix title,"{""new_title"": ""Bridge of Spies""}"
plex://movie/5d7768293c3c2a001fbcbc90,Películas,El reino de los cielos,2005,Kingdom of Heaven,2005,Fix title,"{""new_title"": ""Kingdom of Heaven""}"
plex://movie/5d776affad5437001f78f3f2,Películas,El renacido,2015,The Revenant,2015,Fix title,"{""new_title"": ""The Revenant""}"
plex://movie/5d77682454c0f0001f301a40,Películas,El rey pescador,1991,The Fisher King,1991,Fix title,"{""new_title"": ""The Fisher King""}"
plex://movie/5d77683454c0f0001f30342a,Películas,El sargento de hierro,1986,Heartbreak Ridge,1986,Fix title,"{""new_title"": ""Heartbreak Ridge""}"
plex://movie/5d7768274de0ee001fcc8cc3,Películas,El sexto sentido,1999,The Sixth Sense,1999,Fix title,"{""new_title"": ""The Sixth Sense""}"
plex://movie/5d77686a0ab244002006d526,Películas,El show de Truman,1998,The Truman Show,1998,Fix title,"{""new_title"": ""The Truman Show""}"
plex://movie/5d776825999c64001ec2c228,Películas,El submarino (Das Boot),1981,Das Boot,1981,Fix title,"{""new_title"": ""Das Boot""}"
plex://movie/5d776828999c64001ec2ce66,Películas,El truco final (El prestigio),2006,The Prestige,2006,Fix title,"{""new_title"": ""The Prestige""}"
plex://movie/5e161923dedb97003d113e48,Películas,El último duelo,2021,The Last Duel,2021,Fix title,"{""new_title"": ""The Last Duel""}"
plex://movie/5d9f34ff9dd5f4001e843183,Películas,El último escalón,1999,Stir of Echoes,1999,Fix title,"{""new_title"": ""Stir of Echoes""}"
plex://movie/5d7768e2fb0d55001f51bc9b,Películas,El vuelo (Flight),2012,Flight,2012,Fix title,"{""new_title"": ""Flight""}"
plex://movie/5d776d0d9ab544002151b05b,Películas,En busca de la felicidad,2006,The Pursuit of Happyness,2006,Fix title,"{""new_title"": ""The Pursuit of Happyness""}"
plex://movie/5d9f34f5dfd128002089f708,Películas,En el nombre del padre,1993,In the Name of the Father,1993,Fix title,"{""new_title"": ""In the Name of the Father""}"
plex://movie/5d77697bf617c900201603dc,Películas,En la casa,2012,La paix dans la maison,2012,Fix title,"{""new_title"": ""La paix dans la maison""}"
plex://movie/5d7768387e9a3c0020c6d5e6,Películas,En tierra hostil,2008,The Hurt Locker,2008,Fix title,"{""new_title"": ""The Hurt Locker""}"
plex://movie/5d7768332ec6b5001f6bb9a6,Películas,Enemigo público,1998,Enemy of the State,1998,Fix title,"{""new_title"": ""Enemy of the State""}"
plex://movie/5d7768517228e5001f1e20fc,Películas,Enterrado (Buried),2010,Buried,2010,Fix title,"{""new_title"": ""Buried""}"
plex://movie/5d776834880197001ec932b2,Películas,Entre el amor y el juego,1999,For Love of the Game,1999,Fix title,"{""new_title"": ""For Love of the Game""}"
plex://movie/5d77683d2ec6b5001f6bd382,Películas,Escalofrío en la noche,1971,Play Misty for Me,1971,Fix title,"{""new_title"": ""Play Misty for Me""}"
plex://movie/5d776b8ef617c900201776ab,Películas,Espías desde el cielo,2015,Eye in the Sky,2015,Fix title,"{""new_title"": ""Eye in the Sky""}"
plex://movie/5d776840103a2d001f56a771,Películas,Evasión o victoria,1981,Victory,1981,Fix title,"{""new_title"": ""Victory""}"
plex://movie/5d776ac596b655001fdf8e0f,Películas,Ex_Machina,2014,Ex Machina,2014,Fix title,"{""new_title"": ""Ex Machina""}"
plex://movie/5d77682e8a7581001f12ca93,Películas,"Expiación, más allá de la pasión",2007,Atonement,2007,Fix title,"{""new_title"": ""Atonement""}"
plex://movie/61b0a23cc2629c42c5fe61cd,Películas,F1 la película,2025,F1: The Movie,2025,Fix title,"{""new_title"": ""F1: The Movie""}"
plex://movie/5d7768353c3c2a001fbce4bb,Películas,"Firefox, el arma definitiva",1982,Firefox,1982,Fix title,"{""new_title"": ""Firefox""}"
plex://movie/5d776863eb5d26001f1e9227,Películas,Flor del desierto,2009,Desert Flower,2009,Fix title,"{""new_title"": ""Desert Flower""}"
plex://movie/5d77683561141d001fb15816,Películas,Fuga de Alcatraz,1979,Escape from Alcatraz,1979,Fix title,"{""new_title"": ""Escape from Alcatraz""}"
plex://movie/5d776833f54112001f5bd490,Películas,Full Monty,1997,The Full Monty,1997,Fix title,"{""new_title"": ""The Full Monty""}"
plex://movie/5d7768246f4521001ea988b6,Películas,Ghost (Más allá del amor),1990,Ghost,1990,Fix title,"{""new_title"": ""Ghost""}"
plex://movie/5d7768e37a53e9001e6db76e,Películas,Golpe de efecto,2012,Trouble with the Curve,2012,Fix title,"{""new_title"": ""Trouble with the Curve""}"
plex://movie/5d77684a807b70001e692a2e,Películas,Green Zone: Distrito protegido,2010,Green Zone,2010,Fix title,"{""new_title"": ""Green Zone""}"
plex://movie/5d77703d6afb3d00206158d5,Películas,Greyhound: Enemigos bajo el mar,2020,Greyhound,2020,Fix title,"{""new_title"": ""Greyhound""}"
plex://movie/5d776d01fb0d55001f594894,Películas,Grindhouse: Planet Terror,2007,Planet Terror,2007,Fix title,"{""new_title"": ""Planet Terror""}"
plex://movie/5d7768b31999bc0020dce522,Películas,Guerra Mundial Z,2013,World War Z,2013,Fix title,"{""new_title"": ""World War Z""}"
plex://movie/5d776826999c64001ec2c529,Películas,Guerreros de antaño,1994,Once Were Warriors,1994,Fix title,"{""new_title"": ""Once Were Warriors""}"
plex://movie/5d776b8b96b655001fe148a8,Películas,Ha nacido una estrella,2018,A Star Is Born,2018,Fix title,"{""new_title"": ""A Star Is Born""}"
plex://movie/5d776b747a53e9001e7267b2,Películas,Hasta el último hombre,2016,Hacksaw Ridge,2016,Fix title,"{""new_title"": ""Hacksaw Ridge""}"
plex://movie/5d7770e651dd69001fe5b49b,Películas,Herida,2021,Bruised,2021,Fix title,"{""new_title"": ""Bruised""}"
plex://movie/5d776c3c51dd69001fe39180,Películas,Héroes en el infierno,2017,Only the Brave,2017,Fix title,"{""new_title"": ""Only the Brave""}"
plex://movie/66f1ae0eca8497d5359c7dcc,Películas,El hijo de mil hombres,2025,O Filho de Mil Homens,2025,Fix title,"{""new_title"": ""O Filho de Mil Homens""}"
plex://movie/5d7768335af944001f1f9692,Películas,Hijos de los hombres,2006,Children of Men,2006,Fix title,"{""new_title"": ""Children of Men""}"
plex://movie/5d77683161141d001fb14bf9,Películas,Hitch: Especialista en ligues,2005,Hitch,2005,Fix title,"{""new_title"": ""Hitch""}"
plex://movie/5d776d1847dd6e001f6f0032,Películas,El hombre elefante,1980,The Elephant Man,1980,Fix title,"{""new_title"": ""The Elephant Man""}"
plex://movie/5d776b987a53e9001e72a749,Películas,El hombre invisible,2020,The Invisible Man,2020,Fix title,"{""new_title"": ""The Invisible Man""}"
plex://movie/5d776c1efb0d55001f57d76f,Películas,Hombre lobo,2025,Wolf Man,2025,Fix title,"{""new_title"": ""Wolf Man""}"
plex://movie/5d77687d6f4521001eaa93df,Películas,Imparable,2010,Unstoppable,2010,Fix title,"{""new_title"": ""Unstoppable""}"
plex://movie/5d776845e6d55c002040f775,Películas,In the loop,2009,In the Loop,2009,Fix title,"{""new_title"": ""In the Loop""}"
plex://movie/5d77682b2ec6b5001f6babfe,Películas,Indochina,1992,Indochine,1992,Fix title,"{""new_title"": ""Indochine""}"
plex://movie/5d7768b8594b2b001e693c52,Películas,Infierno blanco,2011,The Grey,2011,Fix title,"{""new_title"": ""The Grey""}"
plex://movie/5d7768387228e5001f1defe4,Películas,Infierno de cobardes,1973,High Plains Drifter,1973,Fix title,"{""new_title"": ""High Plains Drifter""}"
plex://movie/5d77682985719b001f3a14bd,Películas,Infiltrados,2006,The Departed,2006,Fix title,"{""new_title"": ""The Departed""}"
plex://movie/5d7768253c3c2a001fbcab6c,Películas,Insomnio,2002,Insomnia,2002,Fix title,"{""new_title"": ""Insomnia""}"
plex://movie/5d776825103a2d001f563e41,Películas,Instinto básico,1992,Basic Instinct,1992,Fix title,"{""new_title"": ""Basic Instinct""}"
plex://movie/5d7768bcebdf2200209c79ae,Películas,Intocable,2011,The Intouchables,2011,Fix title,"{""new_title"": ""The Intouchables""}"
com.plexapp.agents.themoviedb://227306?lang=es,Películas,Invencible (Unbroken),2014,Unbroken,2014,Fix title,"{""new_title"": ""Unbroken""}"
plex://movie/5d7769a251dd69001fe1994d,Películas,Jack Ryan: Operación sombra,2014,Jack Ryan: Shadow Recruit,2014,Fix title,"{""new_title"": ""Jack Ryan: Shadow Recruit""}"
plex://movie/5d77682a3c3c2a001fbcbe04,Películas,El jardinero fiel,2005,The Constant Gardener,2005,Fix title,"{""new_title"": ""The Constant Gardener""}"
plex://movie/5d7768242ec6b5001f6ba129,Películas,"Jarhead, el infierno espera",2005,Jarhead,2005,Fix title,"{""new_title"": ""Jarhead""}"
plex://movie/5d776828961905001eb915fb,Películas,JFK: Caso abierto,1991,JFK,1991,Fix title,"{""new_title"": ""JFK""}"
plex://movie/642e4b7526def4b45eff5e4f,Películas,Jurado Nº 2,2024,Juror #2,2024,Fix title,"{""new_title"": ""Juror #2""}"
plex://movie/5d7768257228e5001f1dcccf,Películas,K-PAX: Un universo aparte,2001,K-PAX,2001,Fix title,"{""new_title"": ""K-PAX""}"
plex://movie/63dea40e87acb8e35866d4e6,Películas,La acompañante,2025,Companion,2025,Fix title,"{""new_title"": ""Companion""}"
plex://movie/5d776c3f96b655001fe2adc6,Películas,La autopsia de Jane Doe,2016,The Autopsy of Jane Doe,2016,Fix title,"{""new_title"": ""The Autopsy of Jane Doe""}"
